{
  "enemies": {
    "Entity_0": {
      "position": {
        "x": 21.959999084472658,
        "y": 40.61000061035156,
        "z": 30.290000915527345
      },
      "states": 1
    }
  }
}