{
  "enemies": {
    "Entity_0": {
      "position": {
        "x": 21.959999084472658,
        "y": 40.61000061035156,
        "z": 30.290000915527345
      },
      "states": 0
    },
    "Entity_1": {
      "position": {
        "x": 45.7599983215332,
        "y": 40.61000061035156,
        "z": 36.61000061035156
      },
      "states": 0
    }
  }
}
